dominio,seleccionadas_por_parada,no_seleccionadas_por_parada,ciudades,urls_distintas,evaluacion,evidencia_legal
casadecolon.grancanaria.com,1,0,Las Palmas de Gran Canaria,1,Pendiente: condiciones/licencia y uso efectivo sin verificar,
castelldebellver.palma.cat,0,1,Palma,1,Pendiente: condiciones/licencia y uso efectivo sin verificar,
castillomuseosancarlos.com,1,0,Palma,1,Pendiente: condiciones/licencia y uso efectivo sin verificar,
catedraldezaragoza.es,1,0,Zaragoza,1,Pendiente: condiciones/licencia y uso efectivo sin verificar,
ccaa.elpais.com,1,0,Barcelona,1,Pendiente: condiciones/licencia y uso efectivo sin verificar,
eduwp.edu.gva.es,1,0,Valencia,1,Pendiente: condiciones/licencia y uso efectivo sin verificar,
es.wikipedia.org,98,0,Alicante; Barcelona; Castellón de la Plana; Las Palmas de Gran Canaria; Madrid; Murcia; Málaga; Palma; Sevilla; Seville; Valencia; Zaragoza,85,Condiciones abiertas verificadas; comprobar adaptación y atribución,https://foundation.wikimedia.org/wiki/Policy:Terms_of_Use
heritage.toolforge.org,4,2,Castellón de la Plana; Las Palmas de Gran Canaria; Valencia; Zaragoza,6,El alojamiento en Toolforge no acredita licencia de los datos,
inici.palauguell.cat,1,0,Barcelona,1,Pendiente: condiciones/licencia y uso efectivo sin verificar,
malagacatedral.com,1,0,Málaga,1,Pendiente: condiciones/licencia y uso efectivo sin verificar,
mucc.castello.es,2,0,Castellón de la Plana,2,Pendiente: condiciones/licencia y uso efectivo sin verificar,
museobellasartesvalencia.gva.es,1,0,Valencia,1,Pendiente: condiciones/licencia y uso efectivo sin verificar,
polipapers.upv.es,1,0,Valencia,1,Ficha oficial indexada: CC BY-NC-ND 4.0; revisar adaptación del párrafo 3 del Mercado Central,https://www.polipapers.upv.es/index.php/EGA/article/view/1363
realmaestranza.com,0,2,Sevilla; Seville,1,Pendiente: condiciones/licencia y uso efectivo sin verificar,
sagradafamilia.org,1,0,Barcelona,1,Pendiente: condiciones/licencia y uso efectivo sin verificar,
web.archive.org,1,1,Alicante; Las Palmas de Gran Canaria,2,El archivo no concede licencia del contenido original,
www.alcazarsevilla.org,1,0,Seville,1,Reserva de explotación con autorización expresa,https://alcazarsevilla.org/avisolegal-protecciondatos/
www.arquitectosdevalencia.es,1,0,Valencia,1,Pendiente: condiciones/licencia y uso efectivo sin verificar,
www.boe.es,1,1,Sevilla; Seville,1,Documento concreto RD 599/2023 revisado; texto normativo art. 13 LPI; no permiso general del dominio,https://www.boe.es/buscar/doc.php?id=BOE-A-2023-16637
www.catedraldelaalmudena.es,0,1,Madrid,1,Pendiente: condiciones/licencia y uso efectivo sin verificar,
www.catedraldesevilla.es,1,2,Seville,3,Restricción expresa de scraping y reserva de derechos; requiere resolver uso,https://www.catedraldesevilla.es/aviso-legal/
www.catedraldevalencia.es,1,0,Valencia,1,Pendiente: condiciones/licencia y uso efectivo sin verificar,
www.cementerioinglesmalaga.org,1,0,Málaga,1,Pendiente: condiciones/licencia y uso efectivo sin verificar,
www.concatedral.com,1,0,Castellón de la Plana,1,Pendiente: condiciones/licencia y uso efectivo sin verificar,
www.diariodesevilla.es,0,4,Sevilla; Seville,2,Pendiente: condiciones/licencia y uso efectivo sin verificar,
www.elmuseocanario.com,1,0,Las Palmas de Gran Canaria,1,Pendiente: condiciones/licencia y uso efectivo sin verificar,
www.elnacional.cat,1,0,Barcelona,1,Pendiente: condiciones/licencia y uso efectivo sin verificar,
www.fundacionmedinaceli.org,2,0,Sevilla; Seville,1,Pendiente: condiciones/licencia y uso efectivo sin verificar,
www.iaph.es,1,0,Seville,1,Pendiente: condiciones/licencia y uso efectivo sin verificar,
www.juntadeandalucia.es,0,1,Sevilla,1,Pendiente: condiciones/licencia y uso efectivo sin verificar,
www.marqalicante.com,1,2,Alicante,3,Pendiente: condiciones/licencia y uso efectivo sin verificar,
www.mercadocentralvalencia.es,1,0,Valencia,1,Pendiente: condiciones/licencia y uso efectivo sin verificar,
www.patrimonionacional.es,2,0,Madrid,1,Aviso revisado; alcance de reutilización/adaptación pendiente,https://www.patrimonionacional.es/aviso-legal
www.sevilla.org,0,2,Seville,2,Pendiente: condiciones/licencia y uso efectivo sin verificar,
www.teatroromea.es,1,0,Murcia,1,Pendiente: condiciones/licencia y uso efectivo sin verificar,
www.uji.es,1,0,Castellón de la Plana,1,Pendiente: condiciones/licencia y uso efectivo sin verificar,
