id,fuente,licencia,url_licencia,url_coincide,referencias,estado
176367719,https://commons.wikimedia.org/wiki/File:Giralda_de_Sevilla_(3).jpg,CC BY 4.0,https://creativecommons.org/licenses/by/4.0/,True,6,metadatos_contrastados_no_dictamen
178576135,https://commons.wikimedia.org/wiki/File:CATEDRAL_DE_SEVILLA.jpg,CC BY-SA 4.0,https://creativecommons.org/licenses/by-sa/4.0/,True,6,metadatos_contrastados_no_dictamen
25195200,https://commons.wikimedia.org/wiki/File:La_Maestranza_-_Seville.JPG,CC BY-SA 3.0,https://creativecommons.org/licenses/by-sa/3.0/,True,6,metadatos_contrastados_no_dictamen
46583513,"https://commons.wikimedia.org/wiki/File:Palacio_de_San_Telmo,_Sevilla,_Espa%C3%B1a,_2015-12-06,_DD_74.JPG",CC BY-SA 4.0,https://creativecommons.org/licenses/by-sa/4.0/,True,6,metadatos_contrastados_no_dictamen
43494048,https://commons.wikimedia.org/wiki/File:Plaza_de_Espa%C3%B1a_(Sevilla)_-_01.jpg,CC BY-SA 4.0,https://creativecommons.org/licenses/by-sa/4.0/,True,6,metadatos_contrastados_no_dictamen
71024793,https://commons.wikimedia.org/wiki/File:Casa_pilatos_2018002.jpg,CC BY-SA 4.0,https://creativecommons.org/licenses/by-sa/4.0/,True,6,metadatos_contrastados_no_dictamen
102315997,https://commons.wikimedia.org/wiki/File:Patio_de_la_Casa_de_Pilatos_(Sevilla).jpg,CC BY-SA 4.0,https://creativecommons.org/licenses/by-sa/4.0/,True,2,metadatos_contrastados_no_dictamen
3601893,https://commons.wikimedia.org/wiki/File:Patio_de_las_doncellas.jpg,CC BY 2.0,https://creativecommons.org/licenses/by/2.0/,True,6,metadatos_contrastados_no_dictamen
136530209,"https://commons.wikimedia.org/wiki/File:Madrid,_Plaza_Mayor,_2016,_(02).jpg",CC BY-SA 4.0,https://creativecommons.org/licenses/by-sa/4.0/,True,6,metadatos_contrastados_no_dictamen
28533195,https://commons.wikimedia.org/wiki/File:Plaza_Mayor_de_Madrid_-_01.jpg,CC BY-SA 3.0,https://creativecommons.org/licenses/by-sa/3.0/,True,3,metadatos_contrastados_no_dictamen
127902825,https://commons.wikimedia.org/wiki/File:Palacio_Real_de_Madrid_Julio_2016_(cropped).jpg,CC BY-SA 4.0,https://creativecommons.org/licenses/by-sa/4.0/,True,5,metadatos_contrastados_no_dictamen
33722055,https://commons.wikimedia.org/wiki/File:Plaza_de_Espa%C3%B1a_de_Madrid_-_02.jpg,CC BY-SA 3.0,https://creativecommons.org/licenses/by-sa/3.0/,True,6,metadatos_contrastados_no_dictamen
39134624,https://commons.wikimedia.org/wiki/File:Cibeles_desde_el_Ayuntamiento_(Madrid)_(14203354114).jpg,CC BY-SA 2.0,https://creativecommons.org/licenses/by-sa/2.0/,True,6,metadatos_contrastados_no_dictamen
160194565,https://commons.wikimedia.org/wiki/File:Puerta_de_Alcal%C3%A1_2025.jpg,CC BY-SA 4.0,https://creativecommons.org/licenses/by-sa/4.0/,True,6,metadatos_contrastados_no_dictamen
2738754,https://commons.wikimedia.org/wiki/File:Plaza_de_Col%C3%B3n_(Madrid)_06.jpg,CC BY 2.0,https://creativecommons.org/licenses/by/2.0/,True,1,metadatos_contrastados_no_dictamen
65355948,"https://commons.wikimedia.org/wiki/File:Plaza_de_Col%C3%B3n,_Madrid_(35795385693).jpg",CC BY 2.0,https://creativecommons.org/licenses/by/2.0/,True,4,metadatos_contrastados_no_dictamen
114109784,https://commons.wikimedia.org/wiki/File:Almudena_2022_-_overview.jpg,CC BY-SA 4.0,https://creativecommons.org/licenses/by-sa/4.0/,True,4,metadatos_contrastados_no_dictamen
190903882,https://commons.wikimedia.org/wiki/File:SF_maig_2026.jpg,CC BY-SA 4.0,https://creativecommons.org/licenses/by-sa/4.0/,True,5,metadatos_contrastados_no_dictamen
145112946,"https://commons.wikimedia.org/wiki/File:Placa_Catalunya,_Barcelona_(P1170670).jpg",CC BY-SA 4.0,https://creativecommons.org/licenses/by-sa/4.0/,True,5,metadatos_contrastados_no_dictamen
106185809,https://commons.wikimedia.org/wiki/File:Barcelona_Cathedral_Saint_Eulalia.jpg,CC BY-SA 4.0,https://creativecommons.org/licenses/by-sa/4.0/,True,5,metadatos_contrastados_no_dictamen
150785375,"https://commons.wikimedia.org/wiki/File:Santa_Maria_del_Mar,_Barcelona_05.jpg",CC BY-SA 4.0,https://creativecommons.org/licenses/by-sa/4.0/,True,5,metadatos_contrastados_no_dictamen
101745047,https://commons.wikimedia.org/wiki/File:Barcelona_-_Pla%C3%A7a_Sant_Jaume.jpg,CC BY-SA 4.0,https://creativecommons.org/licenses/by-sa/4.0/,True,1,metadatos_contrastados_no_dictamen
70528674,"https://commons.wikimedia.org/wiki/File:Palau_G%C3%BCell,_Antoni_Gaudi,_Barcelona_2.jpg",CC BY-SA 4.0,https://creativecommons.org/licenses/by-sa/4.0/,True,4,metadatos_contrastados_no_dictamen
4533632,https://commons.wikimedia.org/wiki/File:Palau_G%C3%BCell_-_Detall_xemeneies.JPG,CC BY-SA 3.0,https://creativecommons.org/licenses/by-sa/3.0/,True,1,metadatos_contrastados_no_dictamen
3865543,https://commons.wikimedia.org/wiki/File:Drassanes_de_Barcelona.jpg,CC BY-SA 3.0,https://creativecommons.org/licenses/by-sa/3.0/,True,5,metadatos_contrastados_no_dictamen
39902185,"https://commons.wikimedia.org/wiki/File:Catedral_de_la_Almudena,_Madrid,_Espa%C3%B1a,_2014-12-27,_DD_21.JPG",CC BY-SA 4.0,https://creativecommons.org/licenses/by-sa/4.0/,True,2,metadatos_contrastados_no_dictamen
19731377,"https://commons.wikimedia.org/wiki/File:Exterior,_Museu_de_Belles_Arts_de_Val%C3%A8ncia.JPG",CC BY-SA 3.0,https://creativecommons.org/licenses/by-sa/3.0/,True,5,metadatos_contrastados_no_dictamen
59075673,https://commons.wikimedia.org/wiki/File:Museu_de_Belles_Arts_de_Val%C3%A8ncia_19.jpg,CC BY-SA 4.0,https://creativecommons.org/licenses/by-sa/4.0/,True,2,metadatos_contrastados_no_dictamen
34930525,"https://commons.wikimedia.org/wiki/File:Catedral_de_Valencia,_Valencia,_Espa%C3%B1a,_2014-06-30,_DD_160.JPG",CC BY-SA 3.0,https://creativecommons.org/licenses/by-sa/3.0/,True,4,metadatos_contrastados_no_dictamen
149045304,"https://commons.wikimedia.org/wiki/File:Valencia,_palazzo_de_marchese_di_Dos_Aig%C3%BCes,_esterno_01.jpg",CC BY-SA 4.0,https://creativecommons.org/licenses/by-sa/4.0/,True,5,metadatos_contrastados_no_dictamen
34946179,"https://commons.wikimedia.org/wiki/File:Museo_Nacional_de_Cer%C3%A1mica,_Valencia,_Espa%C3%B1a,_2014-06-30,_DD_138.JPG",CC BY-SA 3.0,https://creativecommons.org/licenses/by-sa/3.0/,True,3,metadatos_contrastados_no_dictamen
54647359,https://commons.wikimedia.org/wiki/File:%D0%A4%D0%B0%D1%81%D0%B0%D0%B4_%D1%86%D0%B5%D0%BD%D1%82%D1%80%D0%B0%D0%BB%D1%8C%D0%BD%D0%BE%D0%B3%D0%BE_%D1%80%D1%8B%D0%BD%D0%BA%D0%B0_%D0%92%D0%B0%D0%BB%D0%B5%D0%BD%D1%81%D0%B8%D0%B8.jpg,CC BY-SA 3.0,https://creativecommons.org/licenses/by-sa/3.0/,True,5,metadatos_contrastados_no_dictamen
72947958,https://commons.wikimedia.org/wiki/File:Consulado_del_Mar_y_Lonja_de_la_Seda_en_Valencia.jpg,CC BY-SA 4.0,https://creativecommons.org/licenses/by-sa/4.0/,True,5,metadatos_contrastados_no_dictamen
59738516,https://commons.wikimedia.org/wiki/File:Torres_de_Quart_-_panoramio.jpg,CC BY 3.0,https://creativecommons.org/licenses/by/3.0/,True,5,metadatos_contrastados_no_dictamen
118760247,https://commons.wikimedia.org/wiki/File:Jornada_de_la_diversitat_Cultural.jpg,CC BY-SA 4.0,https://creativecommons.org/licenses/by-sa/4.0/,True,3,metadatos_contrastados_no_dictamen
5203542,https://commons.wikimedia.org/wiki/File:Palau_de_la_Generalitat-_Valencia.jpg,CC BY 3.0,https://creativecommons.org/licenses/by/3.0/,True,5,metadatos_contrastados_no_dictamen
35074193,"https://commons.wikimedia.org/wiki/File:Puerta_de_los_Serranos,_Valencia,_Espa%C3%B1a,_2014-06-30,_DD_86.JPG",CC BY-SA 4.0,https://creativecommons.org/licenses/by-sa/4.0/,True,5,metadatos_contrastados_no_dictamen
51483276,"https://commons.wikimedia.org/wiki/File:Plaza_de_San_Felipe,_Zaragoza.jpg",CC BY 4.0,https://creativecommons.org/licenses/by/4.0/,True,5,metadatos_contrastados_no_dictamen
1077770,https://commons.wikimedia.org/wiki/File:Puerta_del_Carmen.jpg,CC BY-SA 3.0,https://creativecommons.org/licenses/by-sa/3.0/,True,5,metadatos_contrastados_no_dictamen
155677712,https://commons.wikimedia.org/wiki/File:Aljafer%C3%ADa_Palace.jpg,CC BY-SA 4.0,https://creativecommons.org/licenses/by-sa/4.0/,True,5,metadatos_contrastados_no_dictamen
2441178,https://commons.wikimedia.org/wiki/File:Murallas_romanas_de_Zaragoza.jpg,CC BY-SA 3.0,https://creativecommons.org/licenses/by-sa/3.0/,True,5,metadatos_contrastados_no_dictamen
98706191,https://commons.wikimedia.org/wiki/File:Zaragoza_-_Basilica_de_Nuestra_Se%C3%B1ora_del_Pilar_01.jpg,CC BY 2.0,https://creativecommons.org/licenses/by/2.0/,True,4,metadatos_contrastados_no_dictamen
36109002,https://commons.wikimedia.org/wiki/File:WLM14ES_-_02012006_120657_ZGZ_0879_-_.jpg,CC BY 2.0,https://creativecommons.org/licenses/by/2.0/,True,5,metadatos_contrastados_no_dictamen
136838705,https://commons.wikimedia.org/wiki/File:Zaragoza_Lonja_de_Zaragoza_seen_from_the_west.jpg,CC BY-SA 4.0,https://creativecommons.org/licenses/by-sa/4.0/,True,2,metadatos_contrastados_no_dictamen
44298962,https://commons.wikimedia.org/wiki/File:La_Seo-Zaragoza_-_P1410404.jpg,CC BY 2.0,https://creativecommons.org/licenses/by/2.0/,True,5,metadatos_contrastados_no_dictamen
185337299,https://commons.wikimedia.org/wiki/File:Muro_de_la_Parroquieta_de_la_Catedral_del_Salvador_de_Zaragoza_(76153).jpg,CC BY-SA 4.0,https://creativecommons.org/licenses/by-sa/4.0/,True,1,metadatos_contrastados_no_dictamen
140488547,"https://commons.wikimedia.org/wiki/File:Antiguo_teatro_romano_de_Zaragoza,_Espa%C3%B1a,_Spain.jpg",CC BY 4.0,https://creativecommons.org/licenses/by/4.0/,True,5,metadatos_contrastados_no_dictamen
88802240,https://commons.wikimedia.org/wiki/File:E-Zaragoza-Aljaferia-1.jpg,CC BY-SA 4.0,https://creativecommons.org/licenses/by-sa/4.0/,True,1,metadatos_contrastados_no_dictamen
46525196,https://commons.wikimedia.org/wiki/File:Spain_Andalusia_Seville_BW_2015-10-23_14-24-17.jpg,CC BY-SA 3.0,https://creativecommons.org/licenses/by-sa/3.0/,True,1,metadatos_contrastados_no_dictamen
46636250,https://commons.wikimedia.org/wiki/File:Spain_Andalusia_Seville_BW_2015-10-23_15-37-42.jpg,CC BY-SA 3.0,https://creativecommons.org/licenses/by-sa/3.0/,True,1,metadatos_contrastados_no_dictamen
7805036,"https://commons.wikimedia.org/wiki/File:Plaza_Virgen_de_los_Reyes,_Seville,_Spain_-_Sep_2009.jpg",CC BY-SA 3.0,https://creativecommons.org/licenses/by-sa/3.0/,True,1,metadatos_contrastados_no_dictamen
7805068,"https://commons.wikimedia.org/wiki/File:La_Giralda,_Seville,_Spain_-_Sep_2009.jpg",CC BY-SA 3.0,https://creativecommons.org/licenses/by-sa/3.0/,True,1,metadatos_contrastados_no_dictamen
147076643,"https://commons.wikimedia.org/wiki/File:Palacio_de_los_Condes_de_Buenavista,_M%C3%A1laga_01.jpg",CC BY 4.0,https://creativecommons.org/licenses/by/4.0/,True,4,metadatos_contrastados_no_dictamen
15356892,https://commons.wikimedia.org/wiki/File:Roman_Malaga.jpg,CC BY-SA 2.0,https://creativecommons.org/licenses/by-sa/2.0/,True,4,metadatos_contrastados_no_dictamen
157787009,https://commons.wikimedia.org/wiki/File:Alcazaba_de_M%C3%A1laga_overview.jpg,CC BY-SA 4.0,https://creativecommons.org/licenses/by-sa/4.0/,True,5,metadatos_contrastados_no_dictamen
30551464,"https://commons.wikimedia.org/wiki/File:Palacio_de_la_Aduana,_M%C3%A1laga_02.JPG",CC BY-SA 3.0,https://creativecommons.org/licenses/by-sa/3.0/,True,5,metadatos_contrastados_no_dictamen
60346703,"https://commons.wikimedia.org/wiki/File:La_Malagueta,_plaza_de_toros_de_M%C3%A1laga.jpg",CC BY-SA 4.0,https://creativecommons.org/licenses/by-sa/4.0/,True,5,metadatos_contrastados_no_dictamen
4501857,https://commons.wikimedia.org/wiki/File:M%C3%A1laga_Gibralfaro_02.jpg,CC BY 3.0,https://creativecommons.org/licenses/by/3.0/,True,5,metadatos_contrastados_no_dictamen
50872294,"https://commons.wikimedia.org/wiki/File:Cathedral_of_M%C3%A1laga,_2016.jpg",CC BY-SA 3.0,https://creativecommons.org/licenses/by-sa/3.0/,True,5,metadatos_contrastados_no_dictamen
46682865,https://commons.wikimedia.org/wiki/File:Spain_Andalusia_Malaga_BW_2015-10-24_10-47-04.jpg,CC BY-SA 3.0,https://creativecommons.org/licenses/by-sa/3.0/,True,4,metadatos_contrastados_no_dictamen
136824871,"https://commons.wikimedia.org/wiki/File:Palacio_Episcopal,_M%C3%A1laga,_Espa%C3%B1a,_2023-05-20,_DD_15.jpg",CC BY-SA 4.0,https://creativecommons.org/licenses/by-sa/4.0/,True,4,metadatos_contrastados_no_dictamen
61245304,"https://commons.wikimedia.org/wiki/File:Castillo_de_Gibralfaro,_M%C3%A1laga,_b%C3%B3veda_puerta_original_de_acceso.jpg",CC BY-SA 4.0,https://creativecommons.org/licenses/by-sa/4.0/,True,1,metadatos_contrastados_no_dictamen
17475189,https://commons.wikimedia.org/wiki/File:M%C3%A1laga-Palacio_de_los_Condes_de_Buenavista-2011092110534.jpg,CC BY-SA 3.0,https://creativecommons.org/licenses/by-sa/3.0/,True,2,metadatos_contrastados_no_dictamen
8383598,https://commons.wikimedia.org/wiki/File:Fachadadesanjuandediosmurcia.JPG,CC BY-SA 3.0,https://creativecommons.org/licenses/by-sa/3.0/,True,5,metadatos_contrastados_no_dictamen
122569981,"https://commons.wikimedia.org/wiki/File:Teatro_Romea,_Murcia,_Espa%C3%B1a,_2022-07-12,_DD_56.jpg",CC BY-SA 4.0,https://creativecommons.org/licenses/by-sa/4.0/,True,5,metadatos_contrastados_no_dictamen
8789080,https://commons.wikimedia.org/wiki/File:Puertadelpalaciosanesteban.JPG,CC BY-SA 3.0,https://creativecommons.org/licenses/by-sa/3.0/,True,5,metadatos_contrastados_no_dictamen
194555513,https://commons.wikimedia.org/wiki/File:Murcia_-_Casa_Pedro_D%C3%ADaz_Cassou_2.jpg,CC0 1.0,https://creativecommons.org/publicdomain/zero/1.0/,True,5,metadatos_contrastados_no_dictamen
115448452,https://commons.wikimedia.org/wiki/File:Murcia_2022_-_West_facade_2.jpg,CC BY-SA 4.0,https://creativecommons.org/licenses/by-sa/4.0/,True,5,metadatos_contrastados_no_dictamen
69620103,https://commons.wikimedia.org/wiki/File:Catedral_de_Murcia_-_Campanario.jpg,CC BY-SA 4.0,https://creativecommons.org/licenses/by-sa/4.0/,True,5,metadatos_contrastados_no_dictamen
184993950,https://commons.wikimedia.org/wiki/File:Con_Santiago_Abascal_en_Murcia_20%C2%B707%C2%B72023_ActoVota_lo_que_Importa_-_53060747086.jpg,CC0 1.0,https://creativecommons.org/publicdomain/zero/1.0/,True,5,metadatos_contrastados_no_dictamen
16334513,https://commons.wikimedia.org/wiki/File:Obispado_de_Murcia.jpg,CC0 1.0,https://creativecommons.org/publicdomain/zero/1.0/,True,5,metadatos_contrastados_no_dictamen
67195125,https://commons.wikimedia.org/wiki/File:Murcia_Puente_de_los_Peligros_04.jpg,CC BY-SA 4.0,https://creativecommons.org/licenses/by-sa/4.0/,True,2,metadatos_contrastados_no_dictamen
43429275,https://commons.wikimedia.org/wiki/File:035_2015_06_02_Castell_de_Bellver.jpg,CC BY-SA 4.0,https://creativecommons.org/licenses/by-sa/4.0/,True,5,metadatos_contrastados_no_dictamen
119529408,https://commons.wikimedia.org/wiki/File:Fortalesa_de_Sant_Carles.jpg,CC BY-SA 3.0,https://creativecommons.org/licenses/by-sa/3.0/,True,5,metadatos_contrastados_no_dictamen
67130120,https://commons.wikimedia.org/wiki/File:Palma_Catedral_La_Seu_de_Mallorca_Portal-3964.jpg,CC BY-SA 4.0,https://creativecommons.org/licenses/by-sa/4.0/,True,5,metadatos_contrastados_no_dictamen
4793488,https://commons.wikimedia.org/wiki/File:Almudaina_catedral.jpg,CC BY-SA 3.0,https://creativecommons.org/licenses/by-sa/3.0/,True,5,metadatos_contrastados_no_dictamen
2865762,https://commons.wikimedia.org/wiki/File:Palma_Parlament.jpg,CC BY-SA 3.0,https://creativecommons.org/licenses/by-sa/3.0/,True,5,metadatos_contrastados_no_dictamen
22520374,"https://commons.wikimedia.org/wiki/File:Museu_de_Belles_Arts_d%27Alacant,_exterior.JPG",CC BY-SA 3.0,https://creativecommons.org/licenses/by-sa/3.0/,True,5,metadatos_contrastados_no_dictamen
25474141,https://commons.wikimedia.org/wiki/File:Plaza_25_de_Mayo_Alicante.jpg,CC BY-SA 3.0,https://creativecommons.org/licenses/by-sa/3.0/,True,5,metadatos_contrastados_no_dictamen
47230497,"https://commons.wikimedia.org/wiki/File:Alacant,_lloc_on_va_estar_el_camp_de_concentraci%C3%B3_dels_Ametllers.JPG",CC BY-SA 4.0,https://creativecommons.org/licenses/by-sa/4.0/,True,5,metadatos_contrastados_no_dictamen
67144157,https://commons.wikimedia.org/wiki/File:Alicante_Castillo_de_Santa_B%C3%A1rbara_01.jpg,CC BY-SA 4.0,https://creativecommons.org/licenses/by-sa/4.0/,True,5,metadatos_contrastados_no_dictamen
130115816,"https://commons.wikimedia.org/wiki/File:J29_477_Alcazaba_medieval,_Torre_de_Sant_Jordi.jpg",CC BY-SA 4.0,https://creativecommons.org/licenses/by-sa/4.0/,True,2,metadatos_contrastados_no_dictamen
23958959,https://commons.wikimedia.org/wiki/File:Mercado_de_Abastos_(Alicante)_01.jpg,CC BY-SA 3.0,https://creativecommons.org/licenses/by-sa/3.0/,True,5,metadatos_contrastados_no_dictamen
130110977,https://commons.wikimedia.org/wiki/File:J29_469_Castillo_de_San_Fernando.jpg,CC BY-SA 4.0,https://creativecommons.org/licenses/by-sa/4.0/,True,5,metadatos_contrastados_no_dictamen
17067076,https://commons.wikimedia.org/wiki/File:Mercat_Central_de_Castell%C3%B3_des_del_Fadr%C3%AD.jpg,CC BY-SA 3.0,https://creativecommons.org/licenses/by-sa/3.0/,True,5,metadatos_contrastados_no_dictamen
17907201,"https://commons.wikimedia.org/wiki/File:Palau_Episcopal,_Castell%C3%B3_de_la_Plana.JPG",CC BY-SA 3.0,https://creativecommons.org/licenses/by-sa/3.0/,True,5,metadatos_contrastados_no_dictamen
17035604,https://commons.wikimedia.org/wiki/File:Muralla_liberal_de_Castell%C3%B3_de_la_Plana.jpg,CC BY-SA 3.0,https://creativecommons.org/licenses/by-sa/3.0/,True,5,metadatos_contrastados_no_dictamen
142042763,https://commons.wikimedia.org/wiki/File:Parqueribalta.jpg,CC BY-SA 4.0,https://creativecommons.org/licenses/by-sa/4.0/,True,5,metadatos_contrastados_no_dictamen
124700946,https://commons.wikimedia.org/wiki/File:Castell%C3%B3_Cocathedral_2022_-_west_fa%C3%A7ade_daytime.jpg,CC BY-SA 4.0,https://creativecommons.org/licenses/by-sa/4.0/,True,5,metadatos_contrastados_no_dictamen
116694598,https://commons.wikimedia.org/wiki/File:Castellon-concatedral-050422.jpg,CC BY-SA 4.0,https://creativecommons.org/licenses/by-sa/4.0/,True,1,metadatos_contrastados_no_dictamen
27795171,https://commons.wikimedia.org/wiki/File:Castell%C3%B3_-_27.jpeg,CC BY-SA 1.0,https://creativecommons.org/licenses/by-sa/1.0/,True,5,metadatos_contrastados_no_dictamen
124700944,https://commons.wikimedia.org/wiki/File:Castell%C3%B3_Cocathedral_2022_-_Fadri_tower.jpg,CC BY-SA 4.0,https://creativecommons.org/licenses/by-sa/4.0/,True,5,metadatos_contrastados_no_dictamen
124823866,https://commons.wikimedia.org/wiki/File:Castell%C3%B3n_de_la_Plana_City_Hall.jpg,CC BY-SA 4.0,https://creativecommons.org/licenses/by-sa/4.0/,True,5,metadatos_contrastados_no_dictamen
38953482,"https://commons.wikimedia.org/wiki/File:Bas%C3%ADlica_de_la_Mare_de_Deu_del_Lled%C3%B3,_Castell%C3%B3.JPG",CC BY-SA 4.0,https://creativecommons.org/licenses/by-sa/4.0/,True,5,metadatos_contrastados_no_dictamen
33723175,https://commons.wikimedia.org/wiki/File:Palacio_de_Comunicaciones_-_47.jpg,CC BY-SA 3.0,https://creativecommons.org/licenses/by-sa/3.0/,True,1,metadatos_contrastados_no_dictamen
75523632,"https://commons.wikimedia.org/wiki/File:349_Torres_dels_Serrans_(Val%C3%A8ncia),_portal.jpg",CC BY-SA 4.0,https://creativecommons.org/licenses/by-sa/4.0/,True,2,metadatos_contrastados_no_dictamen
116820327,https://commons.wikimedia.org/wiki/File:Llibreria_Paris-Val%C3%A8ncia.jpg,CC BY-SA 4.0,https://creativecommons.org/licenses/by-sa/4.0/,True,1,metadatos_contrastados_no_dictamen
35074188,"https://commons.wikimedia.org/wiki/File:Mercado_Central,_Valencia,_Espa%C3%B1a,_2014-06-30,_DD_116.JPG",CC BY-SA 4.0,https://creativecommons.org/licenses/by-sa/4.0/,True,1,metadatos_contrastados_no_dictamen
72331525,"https://commons.wikimedia.org/wiki/File:192_Torres_de_Quart_(Val%C3%A8ncia),_torre_sud_i_escala_cap_al_primer_pis.jpg",CC BY-SA 4.0,https://creativecommons.org/licenses/by-sa/4.0/,True,2,metadatos_contrastados_no_dictamen
11353858,https://commons.wikimedia.org/wiki/File:Elpuenteviejo.JPG,CC BY-SA 3.0,https://creativecommons.org/licenses/by-sa/3.0/,True,3,metadatos_contrastados_no_dictamen
198798480,https://commons.wikimedia.org/wiki/File:Palacio_Episcopal_de_Murcia_(80854).jpg,CC0 1.0,https://creativecommons.org/publicdomain/zero/1.0/,True,3,metadatos_contrastados_no_dictamen
7634553,https://commons.wikimedia.org/wiki/File:GranCanaria.JPG,CC BY-SA 3.0,https://creativecommons.org/licenses/by-sa/3.0/,True,5,metadatos_contrastados_no_dictamen
30856472,https://commons.wikimedia.org/wiki/File:Teatro_P%C3%A9rez_Gald%C3%B3s_2014.jpg,CC BY 3.0,https://creativecommons.org/licenses/by/3.0/,True,5,metadatos_contrastados_no_dictamen
73851344,https://commons.wikimedia.org/wiki/File:Muralla_de_Las_Palmas.jpg,CC BY-SA 4.0,https://creativecommons.org/licenses/by-sa/4.0/,True,5,metadatos_contrastados_no_dictamen
73850877,https://commons.wikimedia.org/wiki/File:Castillo_de_Mata_3.jpg,CC BY-SA 4.0,https://creativecommons.org/licenses/by-sa/4.0/,True,5,metadatos_contrastados_no_dictamen
62758547,"https://commons.wikimedia.org/wiki/File:Vista_total,_Castillo_de_San_Francisco.jpg",CC BY-SA 4.0,https://creativecommons.org/licenses/by-sa/4.0/,True,5,metadatos_contrastados_no_dictamen
15543120,https://commons.wikimedia.org/wiki/File:Catedral_de_santa_ana_03.JPG,CC BY-SA 3.0,https://creativecommons.org/licenses/by-sa/3.0/,True,5,metadatos_contrastados_no_dictamen
181805090,https://commons.wikimedia.org/wiki/File:Museo_Canario_museum_shop.jpg,CC BY-SA 4.0,https://creativecommons.org/licenses/by-sa/4.0/,True,1,metadatos_contrastados_no_dictamen
6495254,https://commons.wikimedia.org/wiki/File:Cementerio_Ingl%C3%A9s.jpg,CC BY 2.0,https://creativecommons.org/licenses/by/2.0/,True,1,metadatos_contrastados_no_dictamen
136824886,"https://commons.wikimedia.org/wiki/File:Teatro_romano,_M%C3%A1laga,_Espa%C3%B1a,_2023-05-20,_DD_11.jpg",CC BY-SA 4.0,https://creativecommons.org/licenses/by-sa/4.0/,True,1,metadatos_contrastados_no_dictamen
62542426,https://commons.wikimedia.org/wiki/File:Alcazaba_de_M%C3%A1laga_(9033358960).jpg,CC BY-SA 2.0,https://creativecommons.org/licenses/by-sa/2.0/,True,1,metadatos_contrastados_no_dictamen
